{"train_loss": [0.03504597390294075, 0.03155177405774593, 0.02929257712364197, 0.02832260241806507, 0.027630258029699324, 0.027118722298741342, 0.026626092916727066, 0.026252268451452256, 0.025849320963025092, 0.025547730931639673, 0.025275447994470596, 0.024977235624194145, 0.024746703639626503, 0.02447592565715313, 0.024224911850690842, 0.024007784083485605, 0.023705109786987304, 0.02352453586757183, 0.02327734943032265, 0.02307566145658493, 0.022898118326067925, 0.02269952701628208, 0.022473928073048592, 0.022360569018125533, 0.022210449600219728, 0.022078436157107355, 0.02189948876798153, 0.021707289975881578, 0.021566036054491998, 0.021434088850021363], "train accuracy": [0.1587499976158142, 0.24547499418258667, 0.2851249873638153, 0.3147999942302704, 0.3364250063896179, 0.35177499055862427, 0.36614999175071716, 0.3755500018596649, 0.38580000400543213, 0.3948499858379364, 0.4021749794483185, 0.40757498145103455, 0.4161999821662903, 0.42319998145103455, 0.42887499928474426, 0.432699978351593, 0.44290000200271606, 0.4481249749660492, 0.45147499442100525, 0.4581499993801117, 0.4656749963760376, 0.47279998660087585, 0.4738749861717224, 0.4784500002861023, 0.48194998502731323, 0.48295000195503235, 0.48819997906684875, 0.4930249750614166, 0.4966000020503998, 0.49789997935295105], "validation loss": [0.03397502257823944, 0.029930035471916198, 0.028616800916194916, 0.02798944699764252, 0.027267016160488128, 0.026847294676303864, 0.02632608894109726, 0.02596262859106064, 0.025595038843154908, 0.02534865789413452, 0.02501250398159027, 0.02484624036550522, 0.024559228408336638, 0.024347171747684478, 0.02404550688266754, 0.023825539863109587, 0.023616193628311157, 0.023389026343822478, 0.02324177520275116, 0.023005527281761168, 0.02287130719423294, 0.022659604942798613, 0.02259349195957184, 0.022421309638023378, 0.02224545329809189, 0.022149406266212462, 0.021879761791229246, 0.02182629559636116, 0.021678292244672777, 0.021456479197740554], "validation accuracy": [0.20969998836517334, 0.2824999988079071, 0.3125, 0.32850000262260437, 0.35089999437332153, 0.36010000109672546, 0.37770000100135803, 0.3863999843597412, 0.39649999141693115, 0.4034000039100647, 0.41669997572898865, 0.41999998688697815, 0.42989999055862427, 0.42899999022483826, 0.4429999887943268, 0.44359999895095825, 0.4527999758720398, 0.4575999975204468, 0.4616999924182892, 0.4625999927520752, 0.4715999960899353, 0.47200000286102295, 0.4786999821662903, 0.48240000009536743, 0.48399999737739563, 0.4870999753475189, 0.4967999756336212, 0.4936999976634979, 0.49719998240470886, 0.5094999670982361]}