{"train_loss": [0.03111279295682907, 0.026404573753476143, 0.02469458762705326, 0.023571394926309587, 0.022609714704751968, 0.021895336186885835, 0.021228906264901162, 0.020574969674646854, 0.020079164931178093, 0.01946237862110138, 0.019006558637320994, 0.018521237355470656, 0.01801400545090437, 0.017583978213369846, 0.0171053573846817, 0.016706599321961405, 0.01624675163924694, 0.01587564970254898, 0.015573540356755256, 0.015091982597112655, 0.01465554734170437, 0.014393209332972765, 0.014073745603859425, 0.013659518110752106, 0.013356234043836594, 0.013082547645270825, 0.01283730211853981, 0.012486990531533957, 0.01223973149061203, 0.011913559461385012], "train accuracy": [0.25029999017715454, 0.3664499819278717, 0.41404998302459717, 0.4449249804019928, 0.46912500262260437, 0.48354998230934143, 0.5052499771118164, 0.5206499695777893, 0.5326249599456787, 0.5468249917030334, 0.5585500001907349, 0.5687249898910522, 0.5828250050544739, 0.5924000144004822, 0.6073749661445618, 0.6152249574661255, 0.6262750029563904, 0.6359750032424927, 0.6450749635696411, 0.6542499661445618, 0.664900004863739, 0.6726499795913696, 0.6771249771118164, 0.6877999901771545, 0.6974999904632568, 0.6997500061988831, 0.7092750072479248, 0.715749979019165, 0.7189750075340271, 0.7275750041007996], "validation loss": [0.027832370007038115, 0.025450322914123535, 0.024126114153862, 0.023152299523353577, 0.022368872773647307, 0.02178411921262741, 0.021162606251239776, 0.02050583863258362, 0.020047604912519456, 0.01976183111667633, 0.019390368443727494, 0.019005899953842165, 0.018771725618839264, 0.018293592768907546, 0.018019797962903976, 0.017793202376365662, 0.01763220985531807, 0.017377379322052, 0.01704717419743538, 0.01681756567955017, 0.016713216298818587, 0.01665997957587242, 0.016406604796648027, 0.0161461534678936, 0.0160421876847744, 0.01600396076440811, 0.01582382924556732, 0.01587262876033783, 0.015701657074689866, 0.015506679499149323], "validation accuracy": [0.33969998359680176, 0.39069998264312744, 0.4284999966621399, 0.4583999812602997, 0.4788999855518341, 0.48959997296333313, 0.5065000057220459, 0.5223999619483948, 0.5354999899864197, 0.5401999950408936, 0.5550999641418457, 0.5595999956130981, 0.5722999572753906, 0.5812999606132507, 0.585599958896637, 0.5896999835968018, 0.6022999882698059, 0.6060999631881714, 0.6086999773979187, 0.6146999597549438, 0.621399998664856, 0.6189999580383301, 0.6287999749183655, 0.6370999813079834, 0.6398999691009521, 0.6402999758720398, 0.640500009059906, 0.6474999785423279, 0.6545999646186829, 0.6545999646186829]}