{"train_loss": [0.03535025926232338, 0.033146898698806763, 0.03001395689547062, 0.028396133524179457, 0.02764475902915001, 0.027047976738214494, 0.02661932205557823, 0.02627469170689583, 0.025820816415548325, 0.02552522784471512, 0.024940671902894975, 0.024525523549318314, 0.024028911492228508, 0.023333991688489913, 0.02272043090760708, 0.02222914868295193, 0.021671188887953757, 0.02142155265510082, 0.02131430878788233, 0.02075221932977438, 0.02025761008411646, 0.019955144667625428, 0.01947633632570505, 0.019194340565800667, 0.018864997738599776, 0.018565504159033297, 0.018260505756735802, 0.018022512517869474, 0.017714891736209392, 0.017460184989869596, 0.017238899840414525, 0.01694204444438219, 0.016691255089640616, 0.016542678275704385, 0.016388721124827862, 0.01621531796902418, 0.01593944402486086, 0.01569130356758833, 0.015566356486082077, 0.015390221956372262, 0.015227440954744816, 0.01511610115915537, 0.014971737432479858, 0.014699411597847939, 0.014670138354599476, 0.014474421487748622, 0.0144079829454422, 0.014163405318558217, 0.014113804434239865, 0.013981330025196076], "train accuracy": [0.15107499063014984, 0.1983499974012375, 0.26194998621940613, 0.2922250032424927, 0.31119999289512634, 0.32932499051094055, 0.3418999910354614, 0.3512499928474426, 0.3657499849796295, 0.38077500462532043, 0.3981750011444092, 0.4129999876022339, 0.42309999465942383, 0.4419499933719635, 0.45844998955726624, 0.4729749858379364, 0.48589998483657837, 0.4958750009536743, 0.49882498383522034, 0.5123249888420105, 0.5234249830245972, 0.5327999591827393, 0.5464499592781067, 0.5526250004768372, 0.5628249645233154, 0.5694000124931335, 0.5763999819755554, 0.5815500020980835, 0.59027498960495, 0.5961250066757202, 0.6015250086784363, 0.6086999773979187, 0.6142500042915344, 0.6179499626159668, 0.6220499873161316, 0.6283249855041504, 0.6333999633789062, 0.6386500000953674, 0.6430000066757202, 0.6457499861717224, 0.6523999571800232, 0.6572250127792358, 0.658174991607666, 0.6630249619483948, 0.6646249890327454, 0.6697999835014343, 0.6721499562263489, 0.6742500066757202, 0.6779749989509583, 0.681149959564209], "validation loss": [0.03470132348537445, 0.031211852300167084, 0.02881064518690109, 0.027954924213886262, 0.027287386310100557, 0.02669097547531128, 0.026372725141048433, 0.025893326997756958, 0.025473132932186126, 0.025083669519424437, 0.024608440458774566, 0.023854130125045777, 0.023293927931785585, 0.02290319502353668, 0.022081027245521547, 0.021565378844738005, 0.021026053154468538, 0.021436734759807587, 0.020717108368873596, 0.020300546169281005, 0.019776785331964492, 0.019438990598917006, 0.019109735238552094, 0.018765477579832077, 0.018367095881700515, 0.018262624102830888, 0.01794513169527054, 0.01757077491879463, 0.017549608105421066, 0.01726799982190132, 0.017070644164085387, 0.01701159476041794, 0.01672110840678215, 0.01654131784439087, 0.016249781489372252, 0.01614789890050888, 0.015968515664339065, 0.015849308985471725, 0.015541320872306823, 0.015526630872488022, 0.015396652948856353, 0.01526864156126976, 0.014911178988218308, 0.014942981696128845, 0.014862336730957031, 0.014586643165349961, 0.014624325627088547, 0.014428005516529084, 0.014258880257606507, 0.014430426841974259], "validation accuracy": [0.17329999804496765, 0.24709999561309814, 0.29009997844696045, 0.30649998784065247, 0.3206000030040741, 0.34039998054504395, 0.34139999747276306, 0.36559998989105225, 0.3815999925136566, 0.39579999446868896, 0.40849998593330383, 0.4315999746322632, 0.44849997758865356, 0.4617999792098999, 0.4790000021457672, 0.49639999866485596, 0.5078999996185303, 0.501800000667572, 0.5220999717712402, 0.5291999578475952, 0.5435999631881714, 0.5562999844551086, 0.5577999949455261, 0.5703999996185303, 0.5769999623298645, 0.5769000053405762, 0.5837000012397766, 0.6010000109672546, 0.5976999998092651, 0.6036999821662903, 0.6071999669075012, 0.6087999939918518, 0.6175999641418457, 0.6263999938964844, 0.6299999952316284, 0.6305999755859375, 0.636900007724762, 0.6377999782562256, 0.6484000086784363, 0.6486999988555908, 0.6477000117301941, 0.6552000045776367, 0.6624999642372131, 0.6586999893188477, 0.661799967288971, 0.6676999926567078, 0.6692000031471252, 0.6710999608039856, 0.6757000088691711, 0.6728000044822693]}