{"train_loss": [0.034751072627305986, 0.032299300864338874, 0.030967883613705637, 0.0302001363247633, 0.029348570734262468, 0.028427228194475174, 0.027699305391311647, 0.027183514294028283, 0.02679005262553692, 0.026350570529699326, 0.025921495273709298, 0.02554911102950573, 0.025144954314827918, 0.02470897835791111, 0.02451123693883419, 0.024117967531085013, 0.023808620807528495, 0.02344140965938568, 0.023055913653969765, 0.022671463277935983, 0.02240351464152336, 0.022061251521110534, 0.021827031826972963, 0.021549823892116547, 0.02133204781115055, 0.02110066477358341, 0.020821533204615116, 0.020548902720212935, 0.020282446931302548, 0.020123550215363502], "train accuracy": [0.1609250009059906, 0.19477500021457672, 0.21822498738765717, 0.2457999885082245, 0.28472498059272766, 0.3063249886035919, 0.3203999996185303, 0.3348749876022339, 0.3438499867916107, 0.35532498359680176, 0.36800000071525574, 0.3773749768733978, 0.38747498393058777, 0.40012499690055847, 0.4072999954223633, 0.4191249907016754, 0.42800000309944153, 0.44122499227523804, 0.45047497749328613, 0.46127498149871826, 0.4691999852657318, 0.47837498784065247, 0.48432499170303345, 0.4912249743938446, 0.4949999749660492, 0.501800000667572, 0.5117999911308289, 0.5174750089645386, 0.5243749618530273, 0.5279749631881714], "validation loss": [0.03359392409324646, 0.03141501747369766, 0.030730791568756105, 0.029880401039123535, 0.029059738039970397, 0.02806427298784256, 0.02744802920818329, 0.026898986172676085, 0.026395778167247773, 0.026136633253097535, 0.02574143726825714, 0.02537133255004883, 0.025006621253490447, 0.024637156319618225, 0.0243637766957283, 0.023953155505657197, 0.023892864871025085, 0.023319891834259032, 0.023006287157535554, 0.022835633313655852, 0.022378773152828216, 0.022025944316387176, 0.02192386679649353, 0.021562021040916445, 0.02138791354894638, 0.021029298436641693, 0.021013556230068207, 0.020779232811927794, 0.02032001768350601, 0.02028474318385124], "validation accuracy": [0.18359999358654022, 0.2093999981880188, 0.2247999906539917, 0.26909998059272766, 0.3021000027656555, 0.3165999948978424, 0.32829999923706055, 0.34059998393058777, 0.3537999987602234, 0.362199991941452, 0.37469998002052307, 0.38179999589920044, 0.3901999890804291, 0.4016000032424927, 0.4083999991416931, 0.4211999773979187, 0.4296000003814697, 0.4472000002861023, 0.45479997992515564, 0.4657000005245209, 0.4728999733924866, 0.4820999801158905, 0.48420000076293945, 0.4885999858379364, 0.5036999583244324, 0.5067999958992004, 0.5080000162124634, 0.5137999653816223, 0.5263000130653381, 0.5292999744415283]}