{"train_loss": [0.0318212982326746, 0.02758034150004387, 0.02636609913408756, 0.025159279024600984, 0.023849377858638762, 0.02260150651037693, 0.021407184213399887, 0.02040031866878271, 0.019423405775427817, 0.018537657204270364, 0.017792062589526175, 0.016999885560572147, 0.01621450916826725, 0.015596908336877822, 0.014989785487949847, 0.01447022432088852, 0.013960722155869007, 0.013009796775877476, 0.01277903030216694, 0.012622018468379974, 0.012516793698072433, 0.012380937869101763, 0.012385498479753733, 0.012362048116326333, 0.012295639745146036, 0.012301017519831658, 0.012338043010234832, 0.01232979086637497, 0.012343787007033825, 0.012295719310641289, 0.012280506944656372, 0.01240510881692171, 0.012319531683623791, 0.012342127400636673, 0.01233008500635624, 0.01235342102497816, 0.0122959236189723, 0.012329039692878723, 0.01230808453708887, 0.01233344316408038, 0.012318545144051313, 0.012306507803499699, 0.012377838849276304, 0.012327700313180685, 0.01239721405878663, 0.01232773644849658, 0.012342194049805402, 0.012302424552291632, 0.01231174220740795, 0.012327309388667345], "train accuracy": [0.21899999678134918, 0.30934998393058777, 0.3531250059604645, 0.39089998602867126, 0.4264249801635742, 0.46459999680519104, 0.4944499731063843, 0.5216000080108643, 0.54544997215271, 0.5677499771118164, 0.5876249670982361, 0.6083999872207642, 0.6263499855995178, 0.6406750082969666, 0.6560750007629395, 0.6678749918937683, 0.6818499565124512, 0.703125, 0.7079499959945679, 0.7113249897956848, 0.7154249548912048, 0.7189750075340271, 0.717674970626831, 0.717799961566925, 0.7217749953269958, 0.7209999561309814, 0.7215249538421631, 0.7204749584197998, 0.7192999720573425, 0.7209749817848206, 0.7196999788284302, 0.7201499938964844, 0.7201249599456787, 0.7204999923706055, 0.719249963760376, 0.7216249704360962, 0.7196249961853027, 0.7188249826431274, 0.7190499901771545, 0.7199999690055847, 0.7191500067710876, 0.7214249968528748, 0.7179749608039856, 0.7183749675750732, 0.7173999547958374, 0.720425009727478, 0.718625009059906, 0.7214750051498413, 0.7194499969482422, 0.7190499901771545], "validation loss": [0.028792779314517975, 0.026859536838531494, 0.025789436280727388, 0.024500933277606964, 0.023150500881671907, 0.022499776756763457, 0.021152493703365326, 0.019878023606538772, 0.019697981899976732, 0.01868257532119751, 0.0177149673640728, 0.01685119726061821, 0.01632439690232277, 0.015770376098155976, 0.015376709908246994, 0.015018062418699265, 0.014801196187734605, 0.01406165823340416, 0.01400013518333435, 0.013920376127958298, 0.013923744732141495, 0.01398836812376976, 0.01378539931178093, 0.01392140997648239, 0.01381699982881546, 0.013813734728097916, 0.013824426764249801, 0.013764687991142274, 0.01387950052022934, 0.013764463484287262, 0.01386267119050026, 0.013850222021341323, 0.013887177169322968, 0.013794022351503373, 0.013881052565574646, 0.01386248213648796, 0.013866854906082153, 0.013823214375972748, 0.013786558258533478, 0.013869199430942536, 0.013841205495595933, 0.013830254507064819, 0.013918560135364532, 0.01383127156496048, 0.013870128744840622, 0.01378979172706604, 0.013786174440383912, 0.013749264925718308, 0.013852408301830292, 0.013861311918497085], "validation accuracy": [0.2938999831676483, 0.33309999108314514, 0.3764999806880951, 0.40829998254776, 0.45069998502731323, 0.4756999909877777, 0.5091999769210815, 0.5396000146865845, 0.5523999929428101, 0.5681999921798706, 0.5952999591827393, 0.6193999648094177, 0.6280999779701233, 0.6414999961853027, 0.6481999754905701, 0.6559999585151672, 0.6657999753952026, 0.679099977016449, 0.6818000078201294, 0.6823999881744385, 0.6818000078201294, 0.6839999556541443, 0.6865999698638916, 0.6854000091552734, 0.685699999332428, 0.6847999691963196, 0.6859999895095825, 0.6884999871253967, 0.6836000084877014, 0.69159996509552, 0.6836999654769897, 0.6847000122070312, 0.6858999729156494, 0.6861000061035156, 0.6852999925613403, 0.6862999796867371, 0.6837999820709229, 0.6857999563217163, 0.6859999895095825, 0.6857999563217163, 0.6868000030517578, 0.6857999563217163, 0.6825999617576599, 0.685699999332428, 0.6830999851226807, 0.6873999834060669, 0.6855999827384949, 0.6857999563217163, 0.685699999332428, 0.6848999857902527]}