{"train_loss": [0.032875662949681285, 0.0290617776542902, 0.027271729004383086, 0.02589650755226612, 0.024765682193636895, 0.023848306924104692, 0.023001365020871162, 0.022325418365001678, 0.021768698477745055, 0.021129525277018547, 0.02058950344324112, 0.020102116034924983, 0.01966277217119932, 0.019322291101515295, 0.018869680593907832, 0.018484916277229785, 0.0181677387624979, 0.01777069317549467, 0.017470526218414308, 0.017151132459938528, 0.016898713661730288, 0.01660258345156908, 0.016285364571213722, 0.015976916410028935, 0.01578655085116625, 0.015454200220108032, 0.015178342099487782, 0.014959989117085933, 0.014740815794467926, 0.014511769464612008, 0.014247765216231346, 0.014006984658539294, 0.013794832859933376, 0.013606841151416301, 0.01340516712665558, 0.013140246038138867, 0.012975334280729294, 0.012671991900354623, 0.012523261100053787, 0.012326964615285397, 0.012166881223022938, 0.011941944917291402, 0.011703144063800573, 0.011555296478420496, 0.011405393963307142, 0.011219354262202979, 0.01111381710395217, 0.010882524846494199, 0.010721551855653525, 0.010544418971985579], "train accuracy": [0.23462499678134918, 0.3268499970436096, 0.36092498898506165, 0.39294999837875366, 0.42214998602867126, 0.44122499227523804, 0.4652499854564667, 0.4799499809741974, 0.4946749806404114, 0.510325014591217, 0.5253750085830688, 0.5333749651908875, 0.5471000075340271, 0.5552499890327454, 0.5646249651908875, 0.5734750032424927, 0.5803749561309814, 0.5916999578475952, 0.5981249809265137, 0.6052749752998352, 0.6114499568939209, 0.6177249550819397, 0.6261000037193298, 0.6320750117301941, 0.6384999752044678, 0.6463249921798706, 0.6530999541282654, 0.6580249667167664, 0.6601749658584595, 0.6707249879837036, 0.6771999597549438, 0.678849995136261, 0.6853500008583069, 0.6901749968528748, 0.693399965763092, 0.7019249796867371, 0.7055249810218811, 0.7105249762535095, 0.71527498960495, 0.7202500104904175, 0.7254999876022339, 0.7289499640464783, 0.734874963760376, 0.7397249937057495, 0.743524968624115, 0.7465999722480774, 0.7474249601364136, 0.755299985408783, 0.7590499520301819, 0.7629249691963196], "validation loss": [0.0303799446105957, 0.02811285364627838, 0.026569029581546784, 0.02513011610507965, 0.024346867990493775, 0.02335868127346039, 0.022769242298603058, 0.022171778845787048, 0.022472290313243867, 0.021310788798332213, 0.021032940530776978, 0.020119081765413285, 0.020096346497535705, 0.019403180831670763, 0.018977519184350967, 0.018882749116420745, 0.018685067200660706, 0.017799888890981674, 0.017466874802112578, 0.01751713248491287, 0.01703010963201523, 0.01683614665865898, 0.01726303296685219, 0.016774555814266207, 0.01658732617497444, 0.016576186352968217, 0.01578180909752846, 0.01601990796327591, 0.015322900474071503, 0.015132277882099152, 0.01656660488843918, 0.0151766670525074, 0.014564140540361405, 0.015419326084852218, 0.014463380610942841, 0.014345163530111314, 0.014092555469274522, 0.01408534135222435, 0.01394585736989975, 0.013538274830579757, 0.014038754028081893, 0.013744965767860412, 0.013352785414457322, 0.013574607145786285, 0.013126766192913055, 0.0131410344094038, 0.013464239621162414, 0.013060718533396722, 0.0140913371860981, 0.012526789259910584], "validation accuracy": [0.2994999885559082, 0.34880000352859497, 0.3807999789714813, 0.41259998083114624, 0.43219998478889465, 0.4578999876976013, 0.4755999743938446, 0.4802999794483185, 0.4916999936103821, 0.5166000127792358, 0.5134999752044678, 0.534500002861023, 0.5419999957084656, 0.557699978351593, 0.5568000078201294, 0.5717999935150146, 0.5683000087738037, 0.5924000144004822, 0.6007999777793884, 0.6017000079154968, 0.6097999811172485, 0.6152999997138977, 0.6006999611854553, 0.6136999726295471, 0.6168999671936035, 0.6193000078201294, 0.6367999911308289, 0.6331999897956848, 0.6516000032424927, 0.6534000039100647, 0.6226999759674072, 0.6615999937057495, 0.6657999753952026, 0.6495999693870544, 0.6714000105857849, 0.6718999743461609, 0.6794999837875366, 0.675599992275238, 0.6819999814033508, 0.6940999627113342, 0.682699978351593, 0.6863999962806702, 0.6934999823570251, 0.6948999762535095, 0.6995999813079834, 0.7023999691009521, 0.6949999928474426, 0.7053999900817871, 0.6836000084877014, 0.7215999960899353]}