{"train_loss": [0.02128358030170202, 0.014434140904247762, 0.011149836818873882, 0.008952937224507332, 0.007488057995960117, 0.00620650013461709, 0.005084714395180345, 0.004091140835732221, 0.003354851122573018, 0.0027493321028538046, 0.0017495073420461266, 0.0014068566345609725, 0.0012261318945791572, 0.0011619041941594332, 0.0010324119617696852, 0.0009898865805240348, 0.0009435144216986373, 0.0009033277147216722, 0.00085436222308781, 0.0008208832906675525, 0.0007835045674117283, 0.0007602834884077311, 0.0007190465653082355, 0.0007057505527278408, 0.0006787875569425523, 0.0006730003557167948, 0.0006676848315168172, 0.0006559925011126325, 0.000660234106797725, 0.0006519853337202221], "train accuracy": [0.505424976348877, 0.6736249923706055, 0.7514500021934509, 0.8026750087738037, 0.8352499604225159, 0.8640750050544739, 0.8902499675750732, 0.9138000011444092, 0.929099977016449, 0.9419249892234802, 0.966124951839447, 0.9749499559402466, 0.9799249768257141, 0.981124997138977, 0.9846999645233154, 0.9854499697685242, 0.9863749742507935, 0.9874999523162842, 0.9877749681472778, 0.9895249605178833, 0.9900749921798706, 0.9898999929428101, 0.9914249777793884, 0.991724967956543, 0.9920499920845032, 0.9921499490737915, 0.9928499460220337, 0.9930249452590942, 0.9922749996185303, 0.9928249716758728], "validation loss": [0.01753638833165169, 0.013021847599744797, 0.012148422139883042, 0.010454542061686516, 0.011967158925533294, 0.012506525751948357, 0.008419811725616455, 0.00998821638226509, 0.009321595799922942, 0.009186634624004365, 0.0074289171397686005, 0.007393257291615009, 0.0071841820985078814, 0.0072175713777542115, 0.0071245709493756295, 0.0071767891094088555, 0.007119119894504547, 0.007159684953838587, 0.007055214080214501, 0.0071265806190669535, 0.0070259681738913055, 0.007244266916811466, 0.007162232610583305, 0.007055715957283974, 0.00709336374104023, 0.007071309076994658, 0.007169937559962272, 0.007092282748967409, 0.0071209245406091215, 0.007088267873227597], "validation accuracy": [0.5967999696731567, 0.702299952507019, 0.729200005531311, 0.7712000012397766, 0.7458999752998352, 0.740399956703186, 0.8181999921798706, 0.7907999753952026, 0.8120999932289124, 0.8169999718666077, 0.8471999764442444, 0.8508999943733215, 0.8526999950408936, 0.8518999814987183, 0.854200005531311, 0.8526999950408936, 0.8534999489784241, 0.8521999716758728, 0.8560999631881714, 0.8554999828338623, 0.8560000061988831, 0.8529999852180481, 0.8531000018119812, 0.8568999767303467, 0.8567999601364136, 0.8575999736785889, 0.8550999760627747, 0.8539999723434448, 0.8534999489784241, 0.8532999753952026]}